<?xml version="1.0" encoding="UTF-8"?>
<beans xmlns="http://www.springframework.org/schema/beans"
	xmlns:xsi="http://www.w3.org/2001/XMLSchema-instance"
	xmlns:context="http://www.springframework.org/schema/context"
	xmlns:mybatis-spring="http://mybatis.org/schema/mybatis-spring"
	xmlns:task="http://www.springframework.org/schema/task"
	xsi:schemaLocation="http://mybatis.org/schema/mybatis-spring http://mybatis.org/schema/mybatis-spring-1.2.xsd
		http://www.springframework.org/schema/task http://www.springframework.org/schema/task/spring-task-4.3.xsd
		http://www.springframework.org/schema/beans https://www.springframework.org/schema/beans/spring-beans.xsd
		http://www.springframework.org/schema/context http://www.springframework.org/schema/context/spring-context-4.3.xsd">
	
	<!-- Root Context: defines shared resources visible to all other web components -->
		
    <context:component-scan base-package="com.culture.demo"></context:component-scan>
	
	<!-- 커넥션 풀을 제공해주는 빈 객체 -->
	<bean id="hikariConfig" class="com.zaxxer.hikari.HikariConfig">
		<property name="driverClassName"    value="net.sf.log4jdbc.sql.jdbcapi.DriverSpy"></property>
		<property name="jdbcUrl" value="jdbc:log4jdbc:oracle:thin:@192.168.10.174:1521:xe"></property>
		<property name="username" value="mvcpro"></property>
		<property name="password" value="mvc1team"></property> 
	</bean>
		
	<bean id="dataSource" class="com.zaxxer.hikari.HikariDataSource" destroy-method="close">
	 	<constructor-arg ref="hikariConfig"></constructor-arg>
	</bean>
	
	<bean id="sqlSessionFactoryBean" class="org.mybatis.spring.SqlSessionFactoryBean">
		<property name="dataSource" ref="dataSource"></property>
	</bean>
	   
	<mybatis-spring:scan base-package="com.culture.demo.mapper"/>
	
	<!-- JdbcTemplate -->
	<bean id="namedParameterJdbcTemplate" class="org.springframework.jdbc.core.namedparam.NamedParameterJdbcTemplate">
	  <!-- <property name="dataSource" ref="dataSource" /> -->
	  <constructor-arg ref="dataSource" />
	</bean>
	
	<!-- 스프링 트랜잭션을 처리할 JDBC기반의 트랜잭션 관리자 등록 / Spring JDBC 또는 mybatis DB처리 -->
	<bean id="transactionManager" class="org.springframework.jdbc.datasource.DataSourceTransactionManager">
	  <property name="dataSource"  ref="dataSource" />
	</bean>
	
	<bean id="transactionTemplate" class="org.springframework.transaction.support.TransactionTemplate">
		<property name="transactionManager" ref="transactionManager"></property>
	</bean>
	
	<!-- 장바구니 자동 삭제하기 위한 스케쥴러 설정(Namespaces:task) -->
	<task:scheduler id="jobScheduler" pool-size="10" />
	<task:annotation-driven scheduler="jobScheduler" />
	
	<!-- mail -->
	<bean id="mailSender" class ="org.springframework.mail.javamail.JavaMailSenderImpl" >
		<property name="host" value="smtp.gmail.com" />
		<property name="port" value="587" />
		<property name="defaultEncoding" value="utf-8"/>
		<property name="username" value="yuhuijin270@gmail.com" />
		<property name="password" value="lpbonezfrzpausez" />
		<property name="javaMailProperties">
			<props>
				<prop key="mail.transport.protocol">smtp</prop>
				<prop key="mail.smtp.auth">true</prop> <!-- 2단계본인인증을 했으니 보안적으로 true라고 준다 -->
				<prop key="mail.smtp.starttls.enable">true</prop>
				<prop key="mail.debug">true</prop>
			</props>
		</property>
	</bean>
</beans>
