<?xml version="1.0" encoding="UTF-8"?>
<!DOCTYPE tiles-definitions PUBLIC 
   "-//Apache Software Foundation//DTD Tiles Configuration 3.0//EN" 
   "http://tiles.apache.org/dtds/tiles-config_3_0.dtd">
   
<tiles-definitions>
	
	<definition name="*.*.*.*" template="/WEB-INF/views/inc/layout.jsp">
		<put-attribute name="head" value="/WEB-INF/views/inc/head.jsp" />
		<put-attribute name="header" value="/WEB-INF/views/inc/header.jsp" />
		<put-attribute name="footer" value="/WEB-INF/views/inc/footer.jsp" />
		
		<put-attribute name="content" value="/WEB-INF/views/{1}/{2}/{3}/{4}.jsp" />		
	</definition>
	
	<!-- *.*에서 걸리기때문에 우선순위를 바꿔줘야함 -->
	<definition name="*.*.*" template="/WEB-INF/views/inc/layout.jsp">
		<put-attribute name="head" value="/WEB-INF/views/inc/head.jsp" />
		<put-attribute name="header" value="/WEB-INF/views/inc/header.jsp" />
		<put-attribute name="footer" value="/WEB-INF/views/inc/footer.jsp" />
		
		<put-attribute name="content" value="/WEB-INF/views/{1}/{2}/{3}.jsp" />		
	</definition>

	<!-- home.index -->
	<definition name="*.*" template="/WEB-INF/views/inc/layout.jsp">
		<put-attribute name="head" value="/WEB-INF/views/inc/head.jsp" />
		<put-attribute name="header" value="/WEB-INF/views/inc/header.jsp" />
		<put-attribute name="footer" value="/WEB-INF/views/inc/footer.jsp" />
		
		<put-attribute name="content" value="/WEB-INF/views/{1}/{2}.jsp" />		
	</definition>
	
	

	
</tiles-definitions>