<?xml version="1.0" encoding="UTF-8"?>
<!DOCTYPE mapper
    PUBLIC "-//mybatis.org//DTD Mapper 3.0//EN"
    "https://mybatis.org/dtd/mybatis-3-mapper.dtd">

<mapper namespace="com.culture.demo.mapper.LecSearchMapper">

	<!-- List<ClassDTO> getBranch(); -->
	<select id="getBranch" resultType="com.culture.demo.domain.ClassDTO">
		SELECT b.branch_tp_id, branch_tp, branch_id, branch_nm 
		FROM branch b JOIN branch_type t ON b.branch_tp_id = t.branch_tp_id
	</select>
	
	<!-- List<ClassDTO> getCategory(); -->
	<select id="getCategory" resultType="com.culture.demo.domain.ClassDTO">
		SELECT DISTINCT c.lrclsCtegryCd, lrclsCtegry, c.mdclsCtegryCd, mdclsCtegry
		FROM class_type c JOIN large_category l ON c.lrclsCtegryCd = l.lrclsCtegryCd
		                  JOIN medium_category m ON c.mdclsCtegryCd = m.mdclsCtegryCd
		ORDER BY mdclsCtegryCd
	</select>
	
	<!-- List<ClassDTO> getSmCate(); -->
	<select id="getSmCate" resultType="com.culture.demo.domain.ClassDTO">
		SELECT smclsCtegrycd, smclsCtegry
		FROM small_category
	</select>
	
	<!-- String getMdCateNm(String mdclsCtegryCd); -->
	<select id="getMdCateNm" resultType="String">
		SELECT mdclsCtegry
		FROM medium_category
		WHERE mdclsCtegryCd = #{mdclsCtegryCd}
	</select>
	
	<!-- String getBranchNm(String branch_id); -->
	<select id="getBranchNm" resultType="String">
		SELECT branch_nm
		FROM branch
		WHERE branch_id = #{branch_id}
	</select>
</mapper>