<?xml version="1.0" encoding="UTF-8"?>
<!DOCTYPE log4j:configuration PUBLIC "-//APACHE//DTD LOG4J 1.2//EN" "log4j.dtd">
<log4j:configuration xmlns:log4j="http://jakarta.apache.org/log4j/">

	<!-- Appenders -->
	<appender name="console" class="org.apache.log4j.ConsoleAppender">
		<param name="Target" value="System.out" />
		<layout class="org.apache.log4j.PatternLayout">
			<param name="ConversionPattern" value="%-5p: %c - %m%n" />
		</layout>
	</appender>
	
	<!-- Application Loggers -->
	<logger name="com.culture.demo">
		<level value="info" />
	</logger>
	
	<!-- 3rdparty Loggers -->
	<logger name="org.springframework.core">
		<level value="info" />
	</logger>
	
	<logger name="org.springframework.beans">
		<level value="info" />
	</logger>
	
	<logger name="org.springframework.context">
		<level value="info" />
	</logger>

	<logger name="org.springframework.web">
		<level value="info" />
	</logger>

	<!-- Root Logger -->
	<root>
		<priority value="warn" />
		<appender-ref ref="console" />
	</root>
	<!-- 필요한 정보만 출력가능함! -->
	<logger name="jdbc.aduit"> <!-- RS제외한 JDBC호출정보 -->
		<level value="warn" />
	</logger>
	<logger name="jdbc.resultset"><!-- RS를 포함한 모든 JDBC정보-->
		<level value="warn" />
	</logger>
	<logger name="jdbc.connection"><!-- 커넥션(풀)의 객체 상태 -->
		<level value="warn" />
	</logger>
	<logger name="jdbc.sqlonly"><!-- JDBC호출시 sql쿼리문(pstmt인 경우 인자 set된 값) -->
		<level value="warn" />
	</logger>
</log4j:configuration>